{
  "run_id": "ARC-PROBE-2025-12-22T21-44-36-588Z-974fe5",
  "generated_at": "2025-12-22T21:44:36.590Z",
  "base_url": "http://127.0.0.1:5000",
  "env_presence": {
    "ARC_SECRET_present": false,
    "DATABASE_URL_present": true
  },
  "endpoints": {
    "GET /": {
      "url": "http://127.0.0.1:5000/",
      "method": "GET",
      "ok": true,
      "status": 200,
      "statusText": "OK",
      "ms": 60,
      "responseHeaders": {
        "access-control-allow-origin": "*",
        "connection": "keep-alive",
        "content-length": "46868",
        "content-type": "text/html; charset=utf-8",
        "date": "Mon, 22 Dec 2025 21:44:36 GMT",
        "keep-alive": "timeout=5",
        "vary": "Origin",
        "x-powered-by": "Express"
      },
      "bodyTextPreview": "<!DOCTYPE html>\n<html lang=\"en\">\n  <head>\n    <script type=\"module\">\nimport { createHotContext } from \"/@vite/client\";\nconst hot = createHotContext(\"/__dummy__runtime-error-plugin\");\n\nfunction sendError(error) {\n  if (!(error instanceof Error)) {\n    error = new Error(\"(unknown runtime error)\");\n  }\n  const serialized = {\n    message: error.message,\n    stack: error.stack,\n  };\n  hot.send(\"runtime-error-plugin:error\", serialized);\n}\n\nwindow.addEventListener(\"error\", (evt) => {\n  sendError(evt.error);\n});\n\nwindow.addEventListener(\"unhandledrejection\", (evt) => {\n  sendError(evt.reason);\n});\n</script>\n\n    <script type=\"module\">import { injectIntoGlobalHook } from \"/@react-refresh\";\ninjectIntoGlobalHook(window);\nwindow.$RefreshReg$ = () => {};\nwindow.$RefreshSig$ = () => (type) => type;</script>\n\n    <script type=\"module\" src=\"/@vite/client\"></script>\n\n    <meta charset=\"UTF-8\" />\n    <meta name=\"viewport\" content=\"width=device-width, initial-scale=1.0, maximum-scale=1\" />\n    <link rel=\"icon\" type=\"image/png\" href=\"/favicon.png\" />\n    <link rel=\"preconnect\" href=\"https://fonts.googleapis.com\">\n    <link rel=\"preconnect\" href=\"https://fonts.gstatic.com\" crossorigin>\n    <link href=\"https://fonts.googleapis.com/css2?family=Architects+Daughter&family=DM+Sans:ital,opsz,wght@0,9..40,100..1000;1,9..40,100..1000&family=Fira+Code:wght@300..700&family=Geist+Mono:wght@100..900&family=Geist:wght@100..900&family=IBM+Plex+Mono:ital,wght@0,100;0,200;0,300;0,400;0,500;0,600;0,700;1,100;1,200;1,300;1,400;1,500;1,600;1,700&family=IBM+Plex+Sans:ital,wght@0,100..700;1,100..700&family=Inter:ital,opsz,wght@0,14..32,100..900;1,14..32,100..900&family=JetBrains+Mono:ital,wght@0,100..800;1,100..800&family=Libre+Baskerville:ital,wght@0,400;0,700;1,400&family=Lora:ital,wght@0,400..700;1,400..700&family=Merriweather:ital,opsz,wght@0,18..144,300..900;1,18..144,300..900&family=Montserrat:ital,wght@0,100..900;1,100..900&family=Open+Sans:ital,wght@0,300..800;1,300..800&family=Outfit:wght@100..900&family=Oxanium:wght@200..800&family=Playfair+Display:ital,wght@0,400..900;1,400..900&family=Plus+Jakarta+Sans:ital,wght@0,200..800;1,200..800&family=Poppins:ital,wght@0,100;0,200;0,300;0,400;0,500;0,600;0,700;0,800;0,900;1,100;1,200;1,300;1,400;1,500;1,600;1,700;1,800;1,900&family=Roboto+Mono:ital,wght@0,100..700;1,100..700&family=Roboto:ital,wght@0,100..900;1,100..900&family=Source+Code+Pro:ital,wght@0,200..900;1,200..900&family=Source+Serif+4:ital,opsz,wght@0,8..60,200..900;1,8..60,200..900&family=Space+Grotesk:wght@300..700&family=Space+Mono:ital,wght@0,400;0,700;1,400;1,700&display=swap\" rel=\"stylesheet\">\n    <script type=\"module\">\"use strict\";(()=>{var P=\"0.4.4\";var v={HIGHLIGHT_COLOR:\"#0079F2\",HIGHLIGHT_BG:\"#0079F210\",ALLOWED_DOMAIN:\".replit.dev\",THEME_PREVIEW_STYLE_ID:\"replit-theme-preview\",MAX_SIBLING_HIGHLIGHTERS:1e3,MAX_DESCENDANTS_FOR_SCREENSHOT:1500},Z=`\n  [contenteditable] {\n    outline: none !important;\n  }\n\n  [contenteditable]:focus {\n    outline: none !important;\n  }\n`,ee=`\n  .beacon-highlighter {\n    content: '';\n    position: absolute;\n    z-index: ${Number.MAX_SAFE_INTEGER-3};\n    box-sizing: border-box;\n    pointer-events: none;\n    outline: 2px dashed ${v.HIGHLIGHT_COLOR} !important;\n    outline-offset: 0 !important;\n    margin: 0 !important;\n    padding: 0 !important;\n    transform: none !important;\n    background: ${v.HIGHLIGHT_BG} !important;\n    opacity: 0;\n  }\n  \n  .beacon-hover-highlighter {\n    position: fixed;\n    z-index: ${Number.MAX_SAFE_INTEGER};\n  }\n  \n  .beacon-selected-highlighter {\n    position: fixed;\n    pointer-events: none;\n    outline: 2px solid ${v.HIGHLIGHT_COLOR} !important;\n    outline-offset: 3px !important;\n    background: none !important;\n  }\n  \n  .beacon-label {\n    position: absolute;\n    background-color: ${v.HIGHLIGHT_COLOR};\n    color: #FFFFFF;\n    padding: 4px 8px;\n    border-radius: 4px;\n    font-size: 14px;\n    font-family: monospace;\n    line-height: 1;\n    white-space: nowrap;\n    box-shadow: 0 2px 4px rgba(",
      "bodyJson": null
    },
    "GET /health": {
      "url": "http://127.0.0.1:5000/health",
      "method": "GET",
      "ok": true,
      "status": 200,
      "statusText": "OK",
      "ms": 11,
      "responseHeaders": {
        "access-control-allow-origin": "*",
        "connection": "keep-alive",
        "content-length": "46868",
        "content-type": "text/html; charset=utf-8",
        "date": "Mon, 22 Dec 2025 21:44:36 GMT",
        "keep-alive": "timeout=5",
        "vary": "Origin",
        "x-powered-by": "Express"
      },
      "bodyTextPreview": "<!DOCTYPE html>\n<html lang=\"en\">\n  <head>\n    <script type=\"module\">\nimport { createHotContext } from \"/@vite/client\";\nconst hot = createHotContext(\"/__dummy__runtime-error-plugin\");\n\nfunction sendError(error) {\n  if (!(error instanceof Error)) {\n    error = new Error(\"(unknown runtime error)\");\n  }\n  const serialized = {\n    message: error.message,\n    stack: error.stack,\n  };\n  hot.send(\"runtime-error-plugin:error\", serialized);\n}\n\nwindow.addEventListener(\"error\", (evt) => {\n  sendError(evt.error);\n});\n\nwindow.addEventListener(\"unhandledrejection\", (evt) => {\n  sendError(evt.reason);\n});\n</script>\n\n    <script type=\"module\">import { injectIntoGlobalHook } from \"/@react-refresh\";\ninjectIntoGlobalHook(window);\nwindow.$RefreshReg$ = () => {};\nwindow.$RefreshSig$ = () => (type) => type;</script>\n\n    <script type=\"module\" src=\"/@vite/client\"></script>\n\n    <meta charset=\"UTF-8\" />\n    <meta name=\"viewport\" content=\"width=device-width, initial-scale=1.0, maximum-scale=1\" />\n    <link rel=\"icon\" type=\"image/png\" href=\"/favicon.png\" />\n    <link rel=\"preconnect\" href=\"https://fonts.googleapis.com\">\n    <link rel=\"preconnect\" href=\"https://fonts.gstatic.com\" crossorigin>\n    <link href=\"https://fonts.googleapis.com/css2?family=Architects+Daughter&family=DM+Sans:ital,opsz,wght@0,9..40,100..1000;1,9..40,100..1000&family=Fira+Code:wght@300..700&family=Geist+Mono:wght@100..900&family=Geist:wght@100..900&family=IBM+Plex+Mono:ital,wght@0,100;0,200;0,300;0,400;0,500;0,600;0,700;1,100;1,200;1,300;1,400;1,500;1,600;1,700&family=IBM+Plex+Sans:ital,wght@0,100..700;1,100..700&family=Inter:ital,opsz,wght@0,14..32,100..900;1,14..32,100..900&family=JetBrains+Mono:ital,wght@0,100..800;1,100..800&family=Libre+Baskerville:ital,wght@0,400;0,700;1,400&family=Lora:ital,wght@0,400..700;1,400..700&family=Merriweather:ital,opsz,wght@0,18..144,300..900;1,18..144,300..900&family=Montserrat:ital,wght@0,100..900;1,100..900&family=Open+Sans:ital,wght@0,300..800;1,300..800&family=Outfit:wght@100..900&family=Oxanium:wght@200..800&family=Playfair+Display:ital,wght@0,400..900;1,400..900&family=Plus+Jakarta+Sans:ital,wght@0,200..800;1,200..800&family=Poppins:ital,wght@0,100;0,200;0,300;0,400;0,500;0,600;0,700;0,800;0,900;1,100;1,200;1,300;1,400;1,500;1,600;1,700;1,800;1,900&family=Roboto+Mono:ital,wght@0,100..700;1,100..700&family=Roboto:ital,wght@0,100..900;1,100..900&family=Source+Code+Pro:ital,wght@0,200..900;1,200..900&family=Source+Serif+4:ital,opsz,wght@0,8..60,200..900;1,8..60,200..900&family=Space+Grotesk:wght@300..700&family=Space+Mono:ital,wght@0,400;0,700;1,400;1,700&display=swap\" rel=\"stylesheet\">\n    <script type=\"module\">\"use strict\";(()=>{var P=\"0.4.4\";var v={HIGHLIGHT_COLOR:\"#0079F2\",HIGHLIGHT_BG:\"#0079F210\",ALLOWED_DOMAIN:\".replit.dev\",THEME_PREVIEW_STYLE_ID:\"replit-theme-preview\",MAX_SIBLING_HIGHLIGHTERS:1e3,MAX_DESCENDANTS_FOR_SCREENSHOT:1500},Z=`\n  [contenteditable] {\n    outline: none !important;\n  }\n\n  [contenteditable]:focus {\n    outline: none !important;\n  }\n`,ee=`\n  .beacon-highlighter {\n    content: '';\n    position: absolute;\n    z-index: ${Number.MAX_SAFE_INTEGER-3};\n    box-sizing: border-box;\n    pointer-events: none;\n    outline: 2px dashed ${v.HIGHLIGHT_COLOR} !important;\n    outline-offset: 0 !important;\n    margin: 0 !important;\n    padding: 0 !important;\n    transform: none !important;\n    background: ${v.HIGHLIGHT_BG} !important;\n    opacity: 0;\n  }\n  \n  .beacon-hover-highlighter {\n    position: fixed;\n    z-index: ${Number.MAX_SAFE_INTEGER};\n  }\n  \n  .beacon-selected-highlighter {\n    position: fixed;\n    pointer-events: none;\n    outline: 2px solid ${v.HIGHLIGHT_COLOR} !important;\n    outline-offset: 3px !important;\n    background: none !important;\n  }\n  \n  .beacon-label {\n    position: absolute;\n    background-color: ${v.HIGHLIGHT_COLOR};\n    color: #FFFFFF;\n    padding: 4px 8px;\n    border-radius: 4px;\n    font-size: 14px;\n    font-family: monospace;\n    line-height: 1;\n    white-space: nowrap;\n    box-shadow: 0 2px 4px rgba(",
      "bodyJson": null
    },
    "GET /api/health": {
      "url": "http://127.0.0.1:5000/api/health",
      "method": "GET",
      "ok": true,
      "status": 200,
      "statusText": "OK",
      "ms": 4,
      "responseHeaders": {
        "access-control-allow-origin": "*",
        "connection": "keep-alive",
        "content-length": "85",
        "content-type": "application/json; charset=utf-8",
        "date": "Mon, 22 Dec 2025 21:44:36 GMT",
        "etag": "W/\"55-TxhjJk+6LLceJVloMFpJKX4k74k\"",
        "keep-alive": "timeout=5",
        "x-powered-by": "Express"
      },
      "bodyTextPreview": "{\"status\":\"ok\",\"service\":\"ARC Virtual Office\",\"timestamp\":\"2025-12-22T21:44:36.665Z\"}",
      "bodyJson": {
        "status": "ok",
        "service": "ARC Virtual Office",
        "timestamp": "2025-12-22T21:44:36.665Z"
      }
    },
    "GET /ping": {
      "url": "http://127.0.0.1:5000/ping",
      "method": "GET",
      "ok": true,
      "status": 200,
      "statusText": "OK",
      "ms": 2,
      "responseHeaders": {
        "access-control-allow-origin": "*",
        "connection": "keep-alive",
        "content-length": "63",
        "content-type": "application/json; charset=utf-8",
        "date": "Mon, 22 Dec 2025 21:44:36 GMT",
        "etag": "W/\"3f-XHuo0aT2IQlAySeQRGjYvkzIOdk\"",
        "keep-alive": "timeout=5",
        "x-powered-by": "Express"
      },
      "bodyTextPreview": "{\"status\":\"alive\",\"message\":\"✅ ARC Bridge Server is running\"}",
      "bodyJson": {
        "status": "alive",
        "message": "✅ ARC Bridge Server is running"
      }
    },
    "GET /api/ping": {
      "url": "http://127.0.0.1:5000/api/ping",
      "method": "GET",
      "ok": true,
      "status": 200,
      "statusText": "OK",
      "ms": 6,
      "responseHeaders": {
        "access-control-allow-origin": "*",
        "connection": "keep-alive",
        "content-length": "46868",
        "content-type": "text/html; charset=utf-8",
        "date": "Mon, 22 Dec 2025 21:44:36 GMT",
        "keep-alive": "timeout=5",
        "vary": "Origin",
        "x-powered-by": "Express"
      },
      "bodyTextPreview": "<!DOCTYPE html>\n<html lang=\"en\">\n  <head>\n    <script type=\"module\">\nimport { createHotContext } from \"/@vite/client\";\nconst hot = createHotContext(\"/__dummy__runtime-error-plugin\");\n\nfunction sendError(error) {\n  if (!(error instanceof Error)) {\n    error = new Error(\"(unknown runtime error)\");\n  }\n  const serialized = {\n    message: error.message,\n    stack: error.stack,\n  };\n  hot.send(\"runtime-error-plugin:error\", serialized);\n}\n\nwindow.addEventListener(\"error\", (evt) => {\n  sendError(evt.error);\n});\n\nwindow.addEventListener(\"unhandledrejection\", (evt) => {\n  sendError(evt.reason);\n});\n</script>\n\n    <script type=\"module\">import { injectIntoGlobalHook } from \"/@react-refresh\";\ninjectIntoGlobalHook(window);\nwindow.$RefreshReg$ = () => {};\nwindow.$RefreshSig$ = () => (type) => type;</script>\n\n    <script type=\"module\" src=\"/@vite/client\"></script>\n\n    <meta charset=\"UTF-8\" />\n    <meta name=\"viewport\" content=\"width=device-width, initial-scale=1.0, maximum-scale=1\" />\n    <link rel=\"icon\" type=\"image/png\" href=\"/favicon.png\" />\n    <link rel=\"preconnect\" href=\"https://fonts.googleapis.com\">\n    <link rel=\"preconnect\" href=\"https://fonts.gstatic.com\" crossorigin>\n    <link href=\"https://fonts.googleapis.com/css2?family=Architects+Daughter&family=DM+Sans:ital,opsz,wght@0,9..40,100..1000;1,9..40,100..1000&family=Fira+Code:wght@300..700&family=Geist+Mono:wght@100..900&family=Geist:wght@100..900&family=IBM+Plex+Mono:ital,wght@0,100;0,200;0,300;0,400;0,500;0,600;0,700;1,100;1,200;1,300;1,400;1,500;1,600;1,700&family=IBM+Plex+Sans:ital,wght@0,100..700;1,100..700&family=Inter:ital,opsz,wght@0,14..32,100..900;1,14..32,100..900&family=JetBrains+Mono:ital,wght@0,100..800;1,100..800&family=Libre+Baskerville:ital,wght@0,400;0,700;1,400&family=Lora:ital,wght@0,400..700;1,400..700&family=Merriweather:ital,opsz,wght@0,18..144,300..900;1,18..144,300..900&family=Montserrat:ital,wght@0,100..900;1,100..900&family=Open+Sans:ital,wght@0,300..800;1,300..800&family=Outfit:wght@100..900&family=Oxanium:wght@200..800&family=Playfair+Display:ital,wght@0,400..900;1,400..900&family=Plus+Jakarta+Sans:ital,wght@0,200..800;1,200..800&family=Poppins:ital,wght@0,100;0,200;0,300;0,400;0,500;0,600;0,700;0,800;0,900;1,100;1,200;1,300;1,400;1,500;1,600;1,700;1,800;1,900&family=Roboto+Mono:ital,wght@0,100..700;1,100..700&family=Roboto:ital,wght@0,100..900;1,100..900&family=Source+Code+Pro:ital,wght@0,200..900;1,200..900&family=Source+Serif+4:ital,opsz,wght@0,8..60,200..900;1,8..60,200..900&family=Space+Grotesk:wght@300..700&family=Space+Mono:ital,wght@0,400;0,700;1,400;1,700&display=swap\" rel=\"stylesheet\">\n    <script type=\"module\">\"use strict\";(()=>{var P=\"0.4.4\";var v={HIGHLIGHT_COLOR:\"#0079F2\",HIGHLIGHT_BG:\"#0079F210\",ALLOWED_DOMAIN:\".replit.dev\",THEME_PREVIEW_STYLE_ID:\"replit-theme-preview\",MAX_SIBLING_HIGHLIGHTERS:1e3,MAX_DESCENDANTS_FOR_SCREENSHOT:1500},Z=`\n  [contenteditable] {\n    outline: none !important;\n  }\n\n  [contenteditable]:focus {\n    outline: none !important;\n  }\n`,ee=`\n  .beacon-highlighter {\n    content: '';\n    position: absolute;\n    z-index: ${Number.MAX_SAFE_INTEGER-3};\n    box-sizing: border-box;\n    pointer-events: none;\n    outline: 2px dashed ${v.HIGHLIGHT_COLOR} !important;\n    outline-offset: 0 !important;\n    margin: 0 !important;\n    padding: 0 !important;\n    transform: none !important;\n    background: ${v.HIGHLIGHT_BG} !important;\n    opacity: 0;\n  }\n  \n  .beacon-hover-highlighter {\n    position: fixed;\n    z-index: ${Number.MAX_SAFE_INTEGER};\n  }\n  \n  .beacon-selected-highlighter {\n    position: fixed;\n    pointer-events: none;\n    outline: 2px solid ${v.HIGHLIGHT_COLOR} !important;\n    outline-offset: 3px !important;\n    background: none !important;\n  }\n  \n  .beacon-label {\n    position: absolute;\n    background-color: ${v.HIGHLIGHT_COLOR};\n    color: #FFFFFF;\n    padding: 4px 8px;\n    border-radius: 4px;\n    font-size: 14px;\n    font-family: monospace;\n    line-height: 1;\n    white-space: nowrap;\n    box-shadow: 0 2px 4px rgba(",
      "bodyJson": null
    },
    "GET /api/arc/reality-report": {
      "url": "http://127.0.0.1:5000/api/arc/reality-report",
      "method": "GET",
      "ok": false,
      "status": 401,
      "statusText": "Unauthorized",
      "ms": 6,
      "responseHeaders": {
        "access-control-allow-origin": "*",
        "connection": "keep-alive",
        "content-length": "43",
        "content-type": "application/json; charset=utf-8",
        "date": "Mon, 22 Dec 2025 21:44:36 GMT",
        "etag": "W/\"2b-Rih9aWYMb4GwzEPSZO5wMUAD4eU\"",
        "keep-alive": "timeout=5",
        "x-powered-by": "Express"
      },
      "bodyTextPreview": "{\"status\":\"error\",\"message\":\"Unauthorized\"}",
      "bodyJson": {
        "status": "error",
        "message": "Unauthorized"
      }
    },
    "GET /api/arc/status": {
      "url": "http://127.0.0.1:5000/api/arc/status",
      "method": "GET",
      "ok": false,
      "status": 401,
      "statusText": "Unauthorized",
      "ms": 2,
      "responseHeaders": {
        "access-control-allow-origin": "*",
        "connection": "keep-alive",
        "content-length": "43",
        "content-type": "application/json; charset=utf-8",
        "date": "Mon, 22 Dec 2025 21:44:36 GMT",
        "etag": "W/\"2b-Rih9aWYMb4GwzEPSZO5wMUAD4eU\"",
        "keep-alive": "timeout=5",
        "x-powered-by": "Express"
      },
      "bodyTextPreview": "{\"status\":\"error\",\"message\":\"Unauthorized\"}",
      "bodyJson": {
        "status": "error",
        "message": "Unauthorized"
      }
    },
    "POST /arc/execute": {
      "url": "http://127.0.0.1:5000/arc/execute",
      "method": "POST",
      "ok": false,
      "status": 500,
      "statusText": "Internal Server Error",
      "ms": 14,
      "responseHeaders": {
        "access-control-allow-origin": "*",
        "connection": "keep-alive",
        "content-length": "43",
        "content-type": "application/json; charset=utf-8",
        "date": "Mon, 22 Dec 2025 21:44:36 GMT",
        "etag": "W/\"2b-/df7JI+GII/yV8olzmT81fB7Km0\"",
        "keep-alive": "timeout=5",
        "x-powered-by": "Express"
      },
      "bodyTextPreview": "{\"ok\":false,\"error\":\"server_misconfigured\"}",
      "bodyJson": {
        "ok": false,
        "error": "server_misconfigured"
      }
    },
    "POST /api/arc/receive": {
      "url": "http://127.0.0.1:5000/api/arc/receive",
      "method": "POST",
      "ok": false,
      "status": 401,
      "statusText": "Unauthorized",
      "ms": 4,
      "responseHeaders": {
        "access-control-allow-origin": "*",
        "connection": "keep-alive",
        "content-length": "43",
        "content-type": "application/json; charset=utf-8",
        "date": "Mon, 22 Dec 2025 21:44:36 GMT",
        "etag": "W/\"2b-Rih9aWYMb4GwzEPSZO5wMUAD4eU\"",
        "keep-alive": "timeout=5",
        "x-powered-by": "Express"
      },
      "bodyTextPreview": "{\"status\":\"error\",\"message\":\"Unauthorized\"}",
      "bodyJson": {
        "status": "error",
        "message": "Unauthorized"
      }
    }
  },
  "inferences": [],
  "db": {
    "enabled": true,
    "reason": "",
    "summary": {
      "totalTables": 24,
      "topTablesByEstimatedRows": [
        {
          "schema": "public",
          "table": "sessions",
          "estimated_rows": "14"
        },
        {
          "schema": "public",
          "table": "users",
          "estimated_rows": "-1"
        },
        {
          "schema": "public",
          "table": "mission_scenarios",
          "estimated_rows": "-1"
        },
        {
          "schema": "public",
          "table": "agent_events",
          "estimated_rows": "-1"
        },
        {
          "schema": "public",
          "table": "ceo_reminders",
          "estimated_rows": "-1"
        },
        {
          "schema": "public",
          "table": "conversations",
          "estimated_rows": "-1"
        },
        {
          "schema": "public",
          "table": "executive_summaries",
          "estimated_rows": "-1"
        },
        {
          "schema": "public",
          "table": "governance_notifications",
          "estimated_rows": "-1"
        },
        {
          "schema": "public",
          "table": "high_priority_notifications",
          "estimated_rows": "-1"
        },
        {
          "schema": "public",
          "table": "rule_broadcasts",
          "estimated_rows": "-1"
        },
        {
          "schema": "public",
          "table": "chat_messages",
          "estimated_rows": "-1"
        },
        {
          "schema": "public",
          "table": "impact_log",
          "estimated_rows": "-1"
        },
        {
          "schema": "public",
          "table": "result_log",
          "estimated_rows": "-1"
        },
        {
          "schema": "public",
          "table": "reflections",
          "estimated_rows": "-1"
        },
        {
          "schema": "public",
          "table": "intent_log",
          "estimated_rows": "-1"
        },
        {
          "schema": "public",
          "table": "sensor_readings",
          "estimated_rows": "-1"
        },
        {
          "schema": "public",
          "table": "smell_captures",
          "estimated_rows": "-1"
        },
        {
          "schema": "public",
          "table": "smell_profiles",
          "estimated_rows": "-1"
        },
        {
          "schema": "public",
          "table": "action_log",
          "estimated_rows": "-1"
        },
        {
          "schema": "public",
          "table": "activity_feed",
          "estimated_rows": "-1"
        }
      ]
    },
    "candidateEventTables": [],
    "ingestProof": null,
    "errors": []
  },
  "ingest": {
    "attempted": true,
    "endpoint": "/api/arc/agent-events",
    "sent_payload": {
      "agent_name": "reality_probe",
      "event_type": "PROBE_EVENT",
      "payload": {
        "run_id": "ARC-PROBE-2025-12-22T21-44-36-588Z-974fe5",
        "at": "2025-12-22T21:44:36.786Z",
        "source": "arc_reality_probe.js"
      }
    },
    "response": {
      "url": "http://127.0.0.1:5000/api/arc/agent-events",
      "method": "POST",
      "ok": false,
      "status": 401,
      "statusText": "Unauthorized",
      "ms": 4,
      "responseHeaders": {
        "access-control-allow-origin": "*",
        "connection": "keep-alive",
        "content-length": "43",
        "content-type": "application/json; charset=utf-8",
        "date": "Mon, 22 Dec 2025 21:44:36 GMT",
        "etag": "W/\"2b-Rih9aWYMb4GwzEPSZO5wMUAD4eU\"",
        "keep-alive": "timeout=5",
        "x-powered-by": "Express"
      },
      "bodyTextPreview": "{\"status\":\"error\",\"message\":\"Unauthorized\"}",
      "bodyJson": {
        "status": "error",
        "message": "Unauthorized"
      }
    },
    "db_before_after": {
      "note": "No candidate event table detected or DB probe disabled; DB proof skipped."
    }
  }
}